{
  "Total" : {
    "transaction" : "Total",
    "sampleCount" : 550,
    "errorCount" : 1,
    "errorPct" : 0.18181819,
    "meanResTime" : 20428.72181818182,
    "medianResTime" : 19717.0,
    "minResTime" : 5274.0,
    "maxResTime" : 33143.0,
    "pct1ResTime" : 31720.3,
    "pct2ResTime" : 32754.299999999996,
    "pct3ResTime" : 33064.41,
    "throughput" : 12.93691489862163,
    "receivedKBytesPerSec" : 925.6155876593592,
    "sentKBytesPerSec" : 1.5132882697464363
  },
  "watertech-bd Request" : {
    "transaction" : "watertech-bd Request",
    "sampleCount" : 550,
    "errorCount" : 1,
    "errorPct" : 0.18181819,
    "meanResTime" : 20428.72181818182,
    "medianResTime" : 19717.0,
    "minResTime" : 5274.0,
    "maxResTime" : 33143.0,
    "pct1ResTime" : 31720.3,
    "pct2ResTime" : 32754.299999999996,
    "pct3ResTime" : 33064.41,
    "throughput" : 12.93691489862163,
    "receivedKBytesPerSec" : 925.6155876593592,
    "sentKBytesPerSec" : 1.5132882697464363
  }
}